Handle ID,Type,Title,Brand,Description,Product Detail,Image Link,Warranty Details,Stock Status,Status
"ed1082a2-b9b9-4261-86b4-d6727d699cf1","product","SanDisk Ultra 64GB USB 3.0 Flash Drive","SanDisk","<p>Step up to high-speed USB 3.0 and transfer your videos, photos, and files faster. The SanDisk Ultra USB 3.0 Flash Drive offers transfer speeds of up to 130MB/s.</p><ul><li><b>Capacity:</b> 64GB</li><li><b>Interface:</b> USB 3.0 (USB 3.2 Gen 1)</li><li><b>Speed:</b> Read speeds up to 130MB/s.</li><li><b>Design:</b> Sleek, durable design with a retractable connector.</li><li><b>Security:</b> Includes SanDisk SecureAccess software.</li></ul>","","https://fbcsagupcxheyiusjfak.supabase.co/storage/v1/object/public/images/products/1761370582721-n9lb73vlt6f.webp","","In Stock","active"
"38b98894-aeb8-411e-9c89-3d4b0e1a2c21","product","EVM 128GB M.2 NVMe SSD (EVMNV/128GB)-- 520MB/s Read & 370MB/s Write ","EVM","<p>Experience next-level performance with the EVM 128GB M.2 NVMe SSD. Utilizing the PCIe Gen3x4 interface, it delivers significantly faster speeds than traditional SATA SSDs.</p><ul><li><b>Capacity:</b> 128GB</li><li><b>Form Factor:</b> M.2 2280</li><li><b>Interface:</b> PCIe Gen3x4 NVMe 1.3</li><li><b>Warranty:</b> 5-Year Warranty</li></ul><p>Ideal for ultra-thin notebooks and high-performance desktops.</p>","","https://fbcsagupcxheyiusjfak.supabase.co/storage/v1/object/public/images/products/1761884710935-xjj9ae8b03c.jpg","","In Stock","active"
"1b15c2f8-739a-4bb1-a5fd-ff08b6d5d079","product","SanDisk Ultra 256GB USB 3.0 Flash Drive","SanDisk","<p>Step up to high-speed USB 3.0 and transfer your videos, photos, and files faster. The SanDisk Ultra USB 3.0 Flash Drive offers transfer speeds of up to 130MB/s and a massive 256GB capacity.</p><ul><li><b>Capacity:</b> 256GB</li><li><b>Interface:</b> USB 3.0 (USB 3.2 Gen 1)</li><li><b>Speed:</b> Read speeds up to 130MB/s.</li><li><b>Design:</b> Sleek, durable design with a retractable connector.</li><li><b>Security:</b> Includes SanDisk SecureAccess software.</li></ul>","","https://fbcsagupcxheyiusjfak.supabase.co/storage/v1/object/public/images/products/1761370693654-jvcqsjw83b.webp","","In Stock","active"
"75f176c3-ce35-4ebd-a730-807d3a71109b","product","EVM 256GB M.2 NVMe SSD (EVMNV/256GB) 540MB/s Read & 450MB/s Write","EVM","<p>Experience next-level performance with the EVM 256GB M.2 NVMe SSD. Utilizing the PCIe Gen3x4 interface, it delivers significantly faster speeds than traditional SATA SSDs.</p><ul><li><b>Capacity:</b> 256GB</li><li><b>Form Factor:</b> M.2 2280</li><li><b>Interface:</b> PCIe Gen3x4 NVMe 1.3</li><li><b>Warranty:</b> 5-Year Warranty</li></ul><p>Ideal for ultra-thin notebooks and high-performance desktops.</p>","","https://fbcsagupcxheyiusjfak.supabase.co/storage/v1/object/public/images/products/1761885209995-izrwfltf6uh.jpg","","In Stock","active"
"23dddbf6-5d5f-442e-9512-82b411b73c56","product","EVM 1TB 2.5-inch SATA SSD (EVM25/1TB)","EVM","<p>Boost your laptop or desktop PC performance with the EVM 1TB SATA SSD. Experience faster boot-ups, quicker application loads, and improved overall system responsiveness with ample storage.</p><ul><li><b>Capacity:</b> 1TB</li><li><b>Form Factor:</b> 2.5-inch</li><li><b>Interface:</b> SATA III (6Gb/s)</li><li><b>Technology:</b> 3D NAND</li><li><b>Warranty:</b> 5-Year Warranty</li></ul><p>A perfect high-capacity upgrade to breathe new life into an aging computer.</p>","","https://fbcsagupcxheyiusjfak.supabase.co/storage/v1/object/public/images/products/1761370475038-fzko1nfj2av.webp","","In Stock","active"
"1518cdd8-4718-4d29-815e-18b871d241f8","product","EVM 256GB 2.5-inch SATA SSD (EVM25/256)","EVM","<p>Boost your laptop or desktop PC performance with the EVM 256GB SATA SSD. Experience faster boot-ups, quicker application loads, and improved overall system responsiveness.</p><ul><li><b>Capacity:</b> 256GB</li><li><b>Form Factor:</b> 2.5-inch</li><li><b>Interface:</b> SATA III (6Gb/s)</li><li><b>Technology:</b> 3D NAND</li><li><b>Warranty:</b> 5-Year Warranty</li></ul><p>A perfect upgrade to breathe new life into an aging computer.</p>","","https://fbcsagupcxheyiusjfak.supabase.co/storage/v1/object/public/images/products/1761370373355-q7aa8mn566.webp","","In Stock","active"
"473d9ffa-55bb-43cc-b867-fee5f931eedc","product","SanDisk Cruzer Blade 64GB USB 2.0 Flash Drive","SanDisk","<p>The SanDisk Cruzer Blade USB 2.0 Flash Drive offers a compact, stylish design and ample capacity.</p><ul><li><b>Capacity:</b> 64GB</li><li><b>Interface:</b> USB 2.0</li><li><b>Design:</b> Ultra-compact and portable contoured styling.</li><li><b>Software:</b> Includes SanDisk SecureAccess software for password protection.</li></ul><p>A reliable and easy way to store, share, and transfer your photos, videos, music, and other files.</p>","","https://fbcsagupcxheyiusjfak.supabase.co/storage/v1/object/public/images/products/1761370453256-iqial5wsvkm.webp","","In Stock","active"
"072a5a0b-2de9-47ce-a34e-95e3c1925a08","product","EVM 128GB 2.5-inch SATA SSD (EVM25/128)","EVM","<p>Boost your laptop or desktop PC performance with the EVM 128GB SATA SSD. Experience faster boot-ups, quicker application loads, and improved overall system responsiveness.</p><ul><li><b>Capacity:</b> 128GB</li><li><b>Form Factor:</b> 2.5-inch</li><li><b>Interface:</b> SATA III (6Gb/s)</li><li><b>Technology:</b> 3D NAND</li><li><b>Warranty:</b> 5-Year Warranty</li></ul><p>A perfect upgrade to breathe new life into an aging computer.</p>","","https://fbcsagupcxheyiusjfak.supabase.co/storage/v1/object/public/images/products/1761370785037-68ebbl9vxdf.webp","","In Stock","active"
"71d74526-377a-449c-b397-cc5271c9e8ea","product","SanDisk Cruzer Blade 128GB USB 2.0 Flash Drive","SanDisk","<p>The SanDisk Cruzer Blade USB 2.0 Flash Drive offers a compact, stylish design and a large 128GB capacity.</p><ul><li><b>Capacity:</b> 128GB</li><li><b>Interface:</b> USB 2.0</li><li><b>Design:</b> Ultra-compact and portable contoured styling.</li><li><b>Software:</b> Includes SanDisk SecureAccess software for password protection.</li></ul><p>A reliable and easy way to store, share, and transfer your photos, videos, music, and other files.</p>","","https://fbcsagupcxheyiusjfak.supabase.co/storage/v1/object/public/images/products/1761370734725-qc76c8x8cns.webp","","In Stock","active"
"daf33415-d657-4f40-b8b7-f12377553648","product","EVM 512GB 2.5-inch SATA SSD (EVM25/512)","EVM","<p>Boost your laptop or desktop PC performance with the EVM 512GB SATA SSD. Experience faster boot-ups, quicker application loads, and improved overall system responsiveness.</p><ul><li><b>Capacity:</b> 512GB</li><li><b>Form Factor:</b> 2.5-inch</li><li><b>Interface:</b> SATA III (6Gb/s)</li><li><b>Technology:</b> 3D NAND</li><li><b>Warranty:</b> 5-Year Warranty</li></ul><p>A perfect upgrade to breathe new life into an aging computer.</p>","","https://fbcsagupcxheyiusjfak.supabase.co/storage/v1/object/public/images/products/1761370428482-a9611y6x4k8.webp","","In Stock","active"
"7759b50b-6f48-4af5-99b6-b497c8a35a90","product","EVM 512GB M.2 NVMe SSD (EVMNV/512GB) 540MB/s Read & 450MB/s Write","EVM","<p>Experience next-level performance with the EVM 512GB M.2 NVMe SSD. Utilizing the PCIe Gen3x4 interface, it delivers significantly faster speeds than traditional SATA SSDs.</p><ul><li><b>Capacity:</b> 512GB</li><li><b>Form Factor:</b> M.2 2280</li><li><b>Interface:</b> PCIe Gen3x4 NVMe 1.3</li><li><b>Warranty:</b> 5-Year Warranty</li></ul><p>Ideal for ultra-thin notebooks and high-performance desktops.</p>","","https://fbcsagupcxheyiusjfak.supabase.co/storage/v1/object/public/images/products/1761885246251-p35ddpwxp2e.jpg","","In Stock","active"
"abc7c0ba-f816-4e5e-ad7d-417ca56c9029","product","EVM H110 Motherboard","EVM","<p>Upgrade to DDR4 with the EVM H110 Motherboard, designed for 6th and 7th Generation Intel Core processors.</p><ul><li><b>Chipset:</b> Intel H110</li><li><b>Socket:</b> LGA 1151</li><li><b>Memory Support:</b> Dual Channel DDR4 (2133/2400MHz)</li><li><b>Form Factor:</b> Micro-ATX</li><li><b>Ports:</b> VGA, HDMI, USB 3.0, USB 2.0, LAN</li></ul>","","https://fbcsagupcxheyiusjfak.supabase.co/storage/v1/object/public/images/products/1761370123840-y83of15d1ns.webp","","In Stock","active"
"f0f8d0c9-795e-4e71-b34c-63b78d93c66b","product","EVM 8GB DDR3 1600MHz RAM","EVM","<p>Maximize your DDR3 system's multitasking capabilities with this 8GB memory module from EVM.</p><ul><li><b>Capacity:</b> 8GB</li><li><b>Type:</b> DDR3</li><li><b>Speed:</b> 1600MHz (PC3-12800)</li><li><b>Form Factor:</b> DIMM (Desktop)</li><li><b>Warranty:</b> 10-Year Warranty</li></ul>","","https://fbcsagupcxheyiusjfak.supabase.co/storage/v1/object/public/images/products/1761369754202-as31ga8whff.webp","","In Stock","active"
"d7afae49-9989-4de0-98fc-2b7377414269","product","EVM H81 Motherboard","EVM","<p>A stable motherboard for 4th Generation Intel Core processors. A solid foundation for business and home PCs.</p><ul><li><b>Chipset:</b> Intel H81</li><li><b>Socket:</b> LGA 1150</li><li><b>Memory Support:</b> Dual Channel DDR3 (1066/1333/1600MHz)</li><li><b>Form Factor:</b> Micro-ATX</li><li><b>Ports:</b> VGA, HDMI, USB 3.0, USB 2.0, LAN</li></ul>","","https://fbcsagupcxheyiusjfak.supabase.co/storage/v1/object/public/images/products/1761370261717-4hyuw21ixuq.webp","","In Stock","archived"
"a876111b-37e9-4528-8d8f-2f10af53eb33","product","EVM 8GB DDR4 2666MHz RAM","EVM","<p>A high-performance 8GB DDR4 memory module for modern desktops. Runs at a speedy 2666MHz.</p><ul><li><b>Capacity:</b> 8GB</li><li><b>Type:</b> DDR4</li><li><b>Speed:</b> 2666MHz</li><li><b>Form Factor:</b> DIMM (Desktop)</li><li><b>Warranty:</b> 10-Year Warranty</li></ul>","","https://fbcsagupcxheyiusjfak.supabase.co/storage/v1/object/public/images/products/1761369726802-jf62bvqr1z.webp","","In Stock","active"
"6e96e314-9216-4c14-90d1-553124546f3d","product","EVM 4GB DDR3 1600MHz RAM","EVM","<p>Boost your PC's performance with this 4GB DDR3 memory module. Ideal for systems supporting 1600MHz RAM.</p><ul><li><b>Capacity:</b> 4GB</li><li><b>Type:</b> DDR3</li><li><b>Speed:</b> 1600MHz (PC3-12800)</li><li><b>Form Factor:</b> DIMM (Desktop)</li><li><b>Warranty:</b> 10-Year Warranty</li></ul>","","https://fbcsagupcxheyiusjfak.supabase.co/storage/v1/object/public/images/products/1761369873612-7ou8ocbu7gr.jpg","","In Stock","active"
"d7d2dc66-c94b-48a7-bd25-88220543a74f","product","Enter 19-Inch LED Monitor","Enter","<p>An affordable and reliable 19-inch (18.5-inch viewable) LED monitor from Enter. Perfect for office work, home use, or as a secondary display.</p><ul><li><b>Screen Size:</b> 19-inch (18.5"" diagonal)</li><li><b>Panel Type:</b> LED</li><li><b>Resolution:</b> 1366 x 768 (HD)</li><li><b>Inputs:</b> 1x VGA, 1x HDMI</li><li><b>Design:</b> Slim profile, VESA mount compatible.</li></ul>","","https://fbcsagupcxheyiusjfak.supabase.co/storage/v1/object/public/images/products/1761369632645-221h37lpsbd.webp","","In Stock","active"
"73789119-0812-41e5-96cf-51e1980fd300","product","Zebronics 600VA UPS (Zeb-U725)","Zebronics","<p>Protect your PC and other electronics from power outages with the Zebronics 600VA UPS. Provides essential battery backup and surge protection.</p><ul><li><b>Capacity:</b> 600VA / 360W</li><li><b>Type:</b> Line Interactive</li><li><b>Backup Time:</b> Provides 10-15 minutes of backup (typical PC load).</li><li><b>Features:</b> Automatic Voltage Regulation (AVR), Audible Alarm.</li><li><b>Outlets:</b> 3x India 3-pin outlets (battery backup).</li></ul>","","https://fbcsagupcxheyiusjfak.supabase.co/storage/v1/object/public/images/products/1761369789676-9120xezeuso.webp","","In Stock","active"
"ca4f3b62-0267-4adb-abae-31f544b7cbd0","product","Artis SMP 400C SMPS (Power Supply)","Artis","<p>A reliable standard power supply for basic desktop computers. The Artis 400C provides stable power for home and office builds.</p><ul><li><b>Wattage:</b> 400W (Peak)</li><li><b>Fan:</b> 80mm Cooling Fan</li><li><b>Connectors:</b> 24-pin ATX, 4-pin CPU, SATA, Molex</li><li><b>Protection:</b> Over Voltage Protection (OVP).</li></ul>","","https://fbcsagupcxheyiusjfak.supabase.co/storage/v1/object/public/images/products/1761369519416-zkxln8kd91l.jpg","","In Stock","active"
"de656e83-561b-43c2-bc76-a0189268a05c","product","Quick Heal Internet Security 1 User 1 Year","Quick Heal","<p>Comprehensive antivirus and internet security for your PC. Quick Heal Internet Security protects you from malware, ransomware, and online threats.</p><ul><li><b>Device Support:</b> 1 User (PC)</li><li><b>Subscription:</b> 1 Year License</li><li><b>Protection:</b> Advanced DNAScan, Ransomware Protection, Safe Banking, Firewall.</li><li><b>Type:</b> Digital License / Activation Code.</li></ul>","","https://fbcsagupcxheyiusjfak.supabase.co/storage/v1/object/public/images/products/1761369090229-0tfa805xr63g.webp","","In Stock","active"
"654a3614-94d2-4281-81c3-00300c2d792e","product","TP-Link Archer C6 AC1200 Wireless Router","TP-Link","<p>Upgrade your home network to high-speed dual-band Wi-Fi with the TP-Link Archer C6. It supports the 802.11ac standard and delivers speeds up to 1200Mbps.</p><ul><li><b>Speed:</b> AC1200 (867Mbps on 5GHz + 300Mbps on 2.4GHz)</li><li><b>Antennas:</b> 4x external antennas + 1x internal</li><li><b>Ports:</b> 1x Gigabit WAN, 4x Gigabit LAN</li><li><b>Features:</b> MU-MIMO, Access Point Mode, OneMesh support.</li></ul>","","https://fbcsagupcxheyiusjfak.supabase.co/storage/v1/object/public/images/products/1761369041156-kcnfcjhqyrs.webp","","In Stock","active"
"eb0ef5cc-de7c-4699-93b4-568f4c803236","product","Coconut Vintage Keyboard Combo - Blue","Coconut","<p>A stylish wired keyboard and mouse combo with a retro ""vintage"" typewriter-key design in a striking blue color.</p><ul><li><b>Type:</b> Wired Keyboard + Mouse Combo</li><li><b>Connection:</b> Wired USB (x2)</li><li><b>Design:</b> Vintage Blue, Round Typewriter-style Keycaps</li><li><b>Features:</b> LED backlit keyboard, Ergonomic mouse.</li></ul>","","https://fbcsagupcxheyiusjfak.supabase.co/storage/v1/object/public/images/products/1761338096303-ahw1vp83a9r","","In Stock","active"
"b85797cb-e657-4344-b8fa-8d6520faa1e4","product","Coconut K26 Illume Mechanical Keyboard","Coconut","<p>The Coconut K26 Illume is a full-sized mechanical keyboard built for gamers and typists. Features durable mechanical switches and vibrant illumination.</p><ul><li><b>Type:</b> Mechanical (Blue/Red switches common)</li><li><b>Layout:</b> Full-size 104 Keys</li><li><b>Lighting:</b> LED Backlit (e.g., Rainbow or 7-color)</li><li><b>Build:</b> Metal Panel, Braided Cable</li></ul>","","https://fbcsagupcxheyiusjfak.supabase.co/storage/v1/object/public/images/products/1761337959276-ldx394addf","","In Stock","active"
"57a0e154-58e2-4a6a-bedd-4f26cccad2b6","product","Coconut M16 USB Gaming Mouse - Zeta Black","Coconut","<p>The Coconut M16 is a wired USB gaming mouse designed for comfort and precision. Features customizable RGB lighting to match your setup.</p><ul><li><b>Connection:</b> Wired USB</li><li><b>Design:</b> Ergonomic, Zeta Black, RGB Lighting</li><li><b>DPI:</b> High-Precision Sensor (e.g., up to 3200 DPI)</li><li><b>Buttons:</b> 6 Buttons with scroll wheel.</li></ul>","","https://fbcsagupcxheyiusjfak.supabase.co/storage/v1/object/public/images/products/1761369111688-3bznwnjrika.webp","","In Stock","active"
"8ddc14d4-c4c1-4a7c-ae4a-ff9a30d52920","product","Coconut WM21 Wireless+BT Mouse Kudos - Black","Coconut","<p>The ultimate versatile mouse. The Coconut WM21 can connect via 2.4GHz Wireless (with USB dongle) or directly via Bluetooth, allowing you to switch between devices.</p><ul><li><b>Connection:</b> Dual Mode (2.4GHz Wireless + Bluetooth)</li><li><b>Design:</b> Ergonomic, Black, 6 Buttons</li><li><b>DPI:</b> Adjustable DPI (1000/1600/2400)</li><li><b>Features:</b> Rechargeable Battery, Silent Click.</li></ul>","","https://fbcsagupcxheyiusjfak.supabase.co/storage/v1/object/public/images/products/1761338215276-9zpgsxbvv8.jpg","","In Stock","active"
"475399ba-f4ce-4dd7-913a-e310644652b2","product","Coconut Bling Keyboard Combo - Blue","Coconut","<p>A vibrant and colorful wired keyboard and mouse combo. The ""Bling"" combo features bright LED illumination and a modern design.</p><ul><li><b>Type:</b> Wired Keyboard + Mouse Combo</li><li><b>Connection:</b> Wired USB (x2)</li><li><b>Design:</b> Blue, Ergonomic</li><li><b>Lighting:</b> Rainbow LED Backlit Keyboard, 7-Color LED Mouse</li></ul>","","https://fbcsagupcxheyiusjfak.supabase.co/storage/v1/object/public/images/products/1761337846430-2a6zgq5toe5","","In Stock","active"
"c587718a-44e7-4d28-bb05-3d6fc501f92d","product","Coconut WK29+WM29 Wireless Combo Mini Desire - Black/Grey","Coconut","<p>A sleek and modern wireless keyboard and mouse combo. Features a full-size keyboard with a number pad and an ergonomic mouse.</p><ul><li><b>Type:</b> Wireless Keyboard + Mouse Combo</li><li><b>Connection:</b> 2.4GHz Wireless (Single Receiver)</li><li><b>Design:</b> Slim, Black/Grey, Full-size Keyboard</li><li><b>Features:</b> Quiet keys, Auto sleep mode.</li></ul>","","https://fbcsagupcxheyiusjfak.supabase.co/storage/v1/object/public/images/products/1761338355777-b48cfkovqg","","In Stock","active"
"5e4bf99f-b7ad-46b0-a74f-2bcfbee3c93d","product","Coconut WK31 Bluetooth Keyboard Bravo3- Black","Coconut","<p>A slim, compact, and wireless Bluetooth keyboard. The Coconut WK31 is perfect for connecting to your PC, tablet, or smartphone.</p><ul><li><b>Connection:</b> Bluetooth 3.0</li><li><b>Design:</b> Slim, Mini Keyboard, Black</li><li><b>Compatibility:</b> Windows, macOS, Android, iOS</li><li><b>Features:</b> Scissor-switch keys for quiet typing.</li></ul>","","https://fbcsagupcxheyiusjfak.supabase.co/storage/v1/object/public/images/products/1761338009893-e3mhlg3es5u","","In Stock","active"
"c5ac3bf6-c5fe-4b81-909f-cdaa007b83eb","product","Coconut K27 Wired Keyboard STEEL - Black","Coconut","<p>A simple, reliable, and full-sized wired USB keyboard. The Coconut K27 is perfect for home or office use, featuring a spill-resistant design.</p><ul><li><b>Connection:</b> Wired USB</li><li><b>Layout:</b> Full-size 104 Keys</li><li><b>Design:</b> Standard, Black, Spill-Resistant</li><li><b>Features:</b> Plug and Play, Durable build.</li></ul>","","https://fbcsagupcxheyiusjfak.supabase.co/storage/v1/object/public/images/products/1761337706365-a988osnkdno","","In Stock","active"
"139e18e0-0354-499d-8964-95420cba5184","product","Coconut Desire 2.0 Keyboard Combo - Black/Grey","Coconut","<p>A basic and affordable wired keyboard and mouse combo. The Desire 2.0 is built for reliability and everyday use in the office or at home.</p><ul><li><b>Type:</b> Wired Keyboard + Mouse Combo</li><li><b>Connection:</b> Wired USB (x2)</li><li><b>Design:</b> Standard, Black/Grey, Full-size Keyboard</li><li><b>Features:</b> Plug and Play, Durable and spill-resistant.</li></ul>","","https://fbcsagupcxheyiusjfak.supabase.co/storage/v1/object/public/images/products/1761369378783-40njm3omspm","","In Stock","active"
"f2aad98e-5653-4a4c-8ef9-8810ddb268ae","product","Coconut WM28 Prism Wireless Mouse - Black","Coconut","<p>The Coconut WM28 Prism features eye-catching RGB lighting in a wireless, rechargeable design. Ergonomically built for comfortable use.</p><ul><li><b>Connection:</b> 2.4GHz Wireless via USB Nano Receiver</li><li><b>Battery:</b> Rechargeable via Micro-USB</li><li><b>Lighting:</b> 7-Color RGB ""Prism"" effect</li><li><b>DPI:</b> Adjustable DPI (up to 1600)</li></ul>","","https://fbcsagupcxheyiusjfak.supabase.co/storage/v1/object/public/images/products/1761338270476-tp7qbjxbj2","","In Stock","active"
"66b0620a-f070-47d0-a8dc-1051a184fc90","product","Coconut WM20 Wireless Mouse - Lucid Black","Coconut","<p>Experience wireless freedom with the Coconut WM20. This mouse features a sleek, ergonomic design in a striking Lucid White finish.</p><ul><li><b>Connection:</b> 2.4GHz Wireless via USB Nano Receiver</li><li><b>Design:</b> Ergonomic, Ambidextrous, Lucid White</li><li><b>DPI:</b> Adjustable DPI (800/1200/1600)</li><li><b>Features:</b> Silent Click, Auto Sleep Mode</li></ul>","","https://fbcsagupcxheyiusjfak.supabase.co/storage/v1/object/public/images/products/1761338452954-ockxwdzelw","","In Stock","active"
"85d56631-94fa-411b-98c0-f6dbc884095c","product","Coconut X25 NVMe Enclosure - Space Gray","Coconut","<p>Transform your M.2 NVMe SSD into a super-fast portable external drive. The Coconut X25 features a durable aluminum alloy shell and a high-speed USB 3.1/3.2 interface.</p><ul><li><b>For SSD Type:</b> M.2 NVMe (M-Key / B+M Key)</li><li><b>Interface:</b> USB 3.1/3.2 Gen 2 Type-C</li><li><b>Speed:</b> Up to 10Gbps</li><li><b>Build:</b> Aluminum Alloy, Space Gray</li></ul>","","https://fbcsagupcxheyiusjfak.supabase.co/storage/v1/object/public/images/products/1761336984342-ckpblv6rt7l","","In Stock","active"
"862784e7-6ee2-4c44-82e5-09e5b93c459b","product","Coconut WA04 Wireless Adapter - V2","Coconut","<p>Add Wi-Fi connectivity to your desktop or laptop with this compact USB wireless adapter. The ""V2"" likely indicates an updated chipset or design.</p><ul><li><b>Type:</b> USB Wi-Fi Adapter</li><li><b>Speed:</b> N150 (150Mbps) or N300 (300Mbps)</li><li><b>Interface:</b> USB 2.0</li><li><b>Design:</b> Nano or Mini with small antenna</li></ul>","","https://fbcsagupcxheyiusjfak.supabase.co/storage/v1/object/public/images/products/1761369256408-udorcc20gu8.jpg","","In Stock","active"
"ee67aa17-1079-41f8-9de4-78aef6c97c77","product","Coconut CF01 CPU Cooler - Black","Coconut","<p>An aftermarket air cooler for your CPU. The Coconut CF01 is a top-flow style cooler, providing efficient cooling with an LED fan.</p><ul><li><b>Type:</b> CPU Air Cooler (Top-Flow)</li><li><b>Compatibility:</b> Intel & AMD Sockets</li><li><b>Fan:</b> 90mm or 120mm with LED/RGB lighting</li><li><b>Heatsink:</b> Aluminum Heatsink</li></ul>","","https://fbcsagupcxheyiusjfak.supabase.co/storage/v1/object/public/images/products/1761369181997-081slxovkm6.jpg","","In Stock","active"
"e3a49a0c-906f-4df2-a127-851c7c5c8622","product","Coconut MOB-12 Mobile Stand - Silver","Coconut","<p>A premium, adjustable desktop stand for your smartphone or tablet. Made from durable aluminum alloy, it's perfect for video calls or hands-free viewing.</p><ul><li><b>Type:</b> Mobile/Tablet Desktop Stand</li><li><b>Material:</b> Aluminum Alloy</li><li><b>Color:</b> Silver</li><li><b>Features:</b> Adjustable Angle, Foldable, Anti-slip silicone pads.</li></ul>","","https://fbcsagupcxheyiusjfak.supabase.co/storage/v1/object/public/images/products/1761337213476-mkzol19jf1p","","In Stock","active"
"83bec406-9e4b-4dd0-8d9b-dc79ac3b4e79","product","Coconut CF03 CPU Cooler - Black","Coconut","<p>An aftermarket air cooler for your CPU. The Coconut CF03 provides better cooling performance and quieter operation than stock coolers, with RGB/LED lighting.</p><ul><li><b>Type:</b> CPU Air Cooler</li><li><b>Compatibility:</b> Intel & AMD Sockets (e.g., LGA 115x/1200, AM4)</li><li><b>Fan:</b> 90mm or 120mm with LED/RGB lighting</li><li><b>Heatsink:</b> Aluminum Heatsink</li></ul>","","https://fbcsagupcxheyiusjfak.supabase.co/storage/v1/object/public/images/products/1761337289898-1idq6uw29az","","In Stock","active"
"09a9b4be-230f-41c2-b9bf-7ee830b8d3ce","product","Coconut CBS06 Jammy Bluetooth Speaker - Black","Coconut","<p>A compact and portable Bluetooth speaker. The Coconut CBS06 Jammy delivers clear sound and is easy to carry anywhere.</p><ul><li><b>Connection:</b> Bluetooth 5.0, AUX, USB, MicroSD Card</li><li><b>Power:</b> 5W RMS</li><li><b>Battery:</b> Yes (Rechargeable)</li><li><b>Features:</b> TWS Function, Built-in Mic, FM Radio</li></ul>","","https://fbcsagupcxheyiusjfak.supabase.co/storage/v1/object/public/images/products/1761337613814-bltng7kle8d","","In Stock","active"
"00256181-2e09-49bf-ac10-ff245e27b244","product","CP PLUS IP 2MP DOME DUALLIGHT (CP-UNC-DA21L3C-LQ)","","The CP-UNC-DA21L3C-LQ is a 2MP Dual Light Dome Camera from the CP Plus Illumax series, designed for versatile surveillance.

Design: It features a low-profile dome (turret) style, making it suitable for discreet ceiling or wall mounting.

Resolution: It delivers 2 Megapixel (1080p Full HD) video resolution.

Dual Light: The camera uses Dual Light technology, offering 30 meters of IR (Infrared) for standard night vision and 30 meters of Warm Light that activates to provide full-color images in very low light conditions.

Connectivity: It is an IP camera and supports PoE (Power over Ethernet).

Other Features: Includes a built-in mic and is rated IP67 for weather resistance.","","https://fbcsagupcxheyiusjfak.supabase.co/storage/v1/object/public/images/products/1764248962777-cvs4p5pqub9","","In Stock","active"
"ff142575-bf13-4790-9223-3e5200ff531e","product","CP PLUS IP 2MP DUALLIGHT - BULLET (CP-UNC-TA21L3C-LQ)","","The CP-UNC-TA21L3C-LQ is a 2MP Dual Light Bullet Camera from CP Plus.

Video Quality: It captures Full HD 1080p (1920x1080) video at 30 frames per second using a 1/2.8"" CMOS sensor.

Night Vision: Features Dual Light technology, offering an IR (Infrared) range of 30 meters for standard black and white night vision, and a Warm Light range of 30 meters to provide color images in low-light conditions when motion is detected.

Key Features: It has a 3.6mm fixed lens, supports PoE (Power over Ethernet) for simplified installation, and includes a Built-in Mic for audio surveillance.

Durability: It is rated IP67, making it suitable for both indoor and outdoor use.","","https://fbcsagupcxheyiusjfak.supabase.co/storage/v1/object/public/images/products/1764249411991-6wapp3w9qvk","","In Stock","active"
"3ee6d862-1cbc-4192-866d-62ded06490f5","product","CP PLUS IP 4MP DOME DUALLIGHT (CP-UNC-DA41L3C-D-LQ)","","CP-UNC-DA41L3C-D-LQ Dome Camera
This is a professional-grade 4MP Dual Light Dome Camera from CP Plus, offering high-resolution surveillance with enhanced night vision.

Resolution: Provides sharp, detailed images up to 4 Megapixels (2560 x 1440) at 30 frames per second.

Design: It is a sturdy dome (turret) camera suitable for various mounting environments.

Dual Light: Features 30 meters of IR (Infrared) and 30 meters of Warm Light, allowing the camera to switch to full-color imaging in very low-light conditions.

Advanced Features: Supports true WDR (Wide Dynamic Range - 120dB) for excellent performance in scenes with severe contrast/backlight, includes a Built-in Mic, and is IP67-rated for outdoor use.

Connectivity: Utilizes network IP technology and supports PoE.

This camera is a high-performance 4MP dome solution ideal for environments needing clear detail and superior handling of challenging lighting conditions.","","https://fbcsagupcxheyiusjfak.supabase.co/storage/v1/object/public/images/products/1764249625096-rfbcalutc5","","In Stock","active"
"3e9aa63d-ac84-43c3-9e5a-6759f9bc7847","product","CP PLUS IP 4MP BULLET DUALLIGHT (CP-UNC-TA41L3C-D-LQ)","","Based on the image provided, here is a short description of the CP-UNC-TA41L3C-D-LQ camera:

📹 CP-UNC-TA41L3C-D-LQ Bullet Camera
This is a 4MP Dual Light Bullet Camera from CP Plus, designed for high-definition outdoor and indoor surveillance.

Video Quality: It delivers high-resolution 4 Megapixel (2560 x 1440) video, offering greater detail than 1080p cameras.

Form Factor: Features a traditional bullet-style housing (indicated by 'TA') for straightforward wall or ceiling mounting.

Advanced Lighting: It utilizes Dual Light technology, combining 30 meters of IR and 30 meters of Warm Light to provide standard night vision or switch to full-color night vision when triggered.

Key Technology: Includes 120dB WDR (Wide Dynamic Range) to ensure clear images in challenging high-contrast lighting conditions.

Features: It comes with a 3.6mm fixed lens, a Built-in Mic for audio recording, and supports PoE (Power over Ethernet).

In essence, it is a high-resolution, weather-resistant 4MP bullet camera optimized for clear images day and night, even in difficult lighting.","","https://fbcsagupcxheyiusjfak.supabase.co/storage/v1/object/public/images/products/1764249788168-xhwl5ubzb","","In Stock","active"
"ee22e34b-a3f9-4684-b06a-e73f644b6343","product","CP PLUS DVR 4CH (CP-UVR-0401E1-IC2 2MP)","","The CP-UVR-0401E1-IC2 is a 4-Channel Digital Video Recorder (DVR) from CP Plus, designed for entry-level and small-scale security systems.

Here is a short description:

Type: 4-channel Hybrid DVR (Digital Video Recorder).

Resolution: Records main stream video at up to 1080N (1080p Lite) resolution.

Compatibility (Penta-brid): It supports five video signal types (HDCVI, AHD, TVI, CVBS/Analog) on its 4 BNC channels, plus it can support one additional IP camera channel (up to 5 channels total) at 2MP resolution.

Smart Features: Includes SMD Plus (Smart Motion Detection) on analog channels, allowing it to accurately detect and classify Humans and Vehicles, reducing false alarms. It also uses efficient H.265+ video compression.

Storage: Supports 1 SATA hard disk drive up to 6TB.

Outputs: Features simultaneous HDMI and VGA outputs for local monitoring.","","https://fbcsagupcxheyiusjfak.supabase.co/storage/v1/object/public/images/products/1764415286739-mligsn5kyl","","In Stock","active"
"937ebd2c-0ed1-441a-8241-c4252c1aca6f","product","CP PLUS SMPS 05 AMP METAL","","The CP-DPS-MD50P-12D model number refers to a Power Supply unit, often used for powering CCTV cameras and other related security devices.Here is a short description:Type: Switching Power Supply or SMPS (Switched-Mode Power Supply).Voltage Output: It is a 12V DC (Direct Current) power supply.Channels/Ports: The '50P' often indicates a power box that supports powering multiple devices (likely around 4 to 8 cameras, depending on power draw). The 'D' might denote a distribution box format with individual output fuses/protection.Capacity: The 'MD50' typically refers to the maximum power output, suggesting a total capacity of around 50 Watts or $4.16 \text{ Amperes } (50 \text{W} / 12 \text{V})$.Function: It is designed to convert standard AC mains power (220V/110V) into a stable, regulated 12V DC supply for security cameras, providing centralized power distribution and protection (fuses/PTC).","","https://fbcsagupcxheyiusjfak.supabase.co/storage/v1/object/public/images/products/1764416674726-jkp452jgd0p","","In Stock","active"
"74fb6f3e-4913-4bb6-aab7-ffd9ffccb878","product","CP Plus 16 Channel Full HD H.265+ DVR Upto 2 MP Supported (Model - CP-UVR-1601E1-IC OR CP-UVR-1601E1-HC)","","CP-UVR-1601E1-IC2 Description 📹 CP-UVR-1601E1-IC2 Digital Video Recorder (DVR) The CP-UVR-1601E1-IC2 is a powerful 16-Channel Hybrid Digital Video Recorder (DVR) from CP Plus, designed for medium-scale surveillance systems. Channels: Supports 16 BNC channels for connecting analog cameras. Resolution: Records main stream video at up to 1080N (1080p Lite) resolution, balancing quality and storage needs. Hybrid (Penta-brid) Technology: Highly flexible, supporting all five common analog signal types: HDCVI, AHD, TVI, CVBS (Analog) , plus it supports **two additional IP channels** (up to 18 channels total). Smart Features: Utilizes the efficient H.265+ video compression standard and includes SMD Plus (Smart Motion Detection) on analog channels to accurately distinguish and classify Humans and Vehicles , significantly reducing false alerts. Storage: Supports 1 SATA hard disk drive (HDD) up to 6TB for recorded footage. Outputs: Features simultaneous video output via HDMI and VGA ports. In summary, this is a versatile, high-channel-count 16-channel Hybrid DVR featuring AI-based human/vehicle detection and efficient H.265+ compression, making it ideal for large home or small commercial security installations.","","https://fbcsagupcxheyiusjfak.supabase.co/storage/v1/object/public/images/products/1764424712703-qedvsqfl4do","","In Stock","active"
"029ff84d-01be-45e3-9b87-f3445bb34e99","product","CP PLUS 8CH 2MP HD DVR (CP-UVR-0801E1-IC2)","","CP-UVR-0801E1-IC2 Description 📹 CP-UVR-0801E1-IC2 Digital Video Recorder (DVR) The CP-UVR-0801E1-IC2 is an 8-Channel Hybrid Digital Video Recorder (DVR) from CP Plus, designed for small to medium-sized surveillance systems. Channels: Supports 8 BNC channels for analog cameras. Resolution: Records video streams at up to 1080N (1080p Lite) resolution. Hybrid (Penta-brid) Compatibility: Flexible support for all major analog formats (HDCVI, AHD, TVI, CVBS), plus **two additional IP channels** (up to 10 channels total) at 2MP. Smart Features: Includes efficient H.265+ compression and SMD Plus (Smart Motion Detection) on analog channels to accurately distinguish and classify Humans and Vehicles . Storage: Supports 1 SATA hard disk drive (HDD) up to 6TB. Outputs: Features simultaneous video output via HDMI and VGA ports. In summary, this is a versatile 8-channel Hybrid DVR that allows users to connect various camera types and features AI-based detection for smarter, more focused recording.","","https://fbcsagupcxheyiusjfak.supabase.co/storage/v1/object/public/images/products/1764425048770-yjjy5s99hir","","In Stock","active"
"b04befb0-06e1-461d-a275-952d9823d75e","product","CP PLUS 2.4MP DUAL LIGHT MIC - BULLET (TC24PL3C-L-V2)","","TC24PL3C-L-V2 Description 📹 TC24PL3C-L-V2 Camera (Bullet) The TC24PL3C-L-V2 is a reliable **HD Analog Bullet Camera** suitable for universal surveillance applications. Form Factor: Robust **Bullet-style camera** designed for easy outdoor and indoor installation. Resolution: Provides **Full HD 1080p** video quality (likely 2.4 Megapixel sensor). Multi-Format: It is a 4-in-1 camera , capable of outputting video in **HDCVI, HDTVI, AHD, and CVBS** formats, ensuring broad compatibility with various DVR systems. Night Vision: Equipped with built-in **IR (Infrared) illumination** for clear black and white video capture in total darkness. Use Case: Ideal for reliable, all-weather (typically IP66/IP67 rated) surveillance where high definition is required. In summary, this is a versatile, 1080p, multi-format analog bullet camera used for reliable day and night surveillance in various environments.","","https://fbcsagupcxheyiusjfak.supabase.co/storage/v1/object/public/images/products/1764425410266-vajet4h58fq","","In Stock","active"
"ac03b6a8-1013-43db-9c4d-1ca4a07d5c28","product","CP PLUS 2.4MP DUAL LIGHT MIC - DOME (DC24PL3C-L-V2)","","DC24PL3C-L-V2 Description 📹 CP PLUS 2.4MP DUAL LIGHT MIC - DOME (DC24PL3C-L-V2) The DC24PL3C-L-V2 is an **HD Analog Dome Camera** featuring both high-quality video and enhanced lighting technology, plus built-in audio. Resolution: Captures video in **Full HD 1080p** resolution (2.4 Megapixel sensor). Form Factor: Classic **Dome-style camera** (indicated by 'DC'), suitable for discreet indoor or protected outdoor mounting. Dual Light Technology: Provides clear night vision using both **IR (Infrared)** for standard B/W viewing and **Warm Light** to deliver full-color images in low-light conditions. Audio: Includes a **Built-in Mic** for simultaneous video and audio recording (audio over coax/PoC compatibility may vary by DVR). Multi-Format: A 4-in-1 camera , compatible with **HDCVI, HDTVI, AHD, and CVBS** analog DVRs. Use Case: Ideal for locations where both visual detail, audio recording, and color night vision are required. In summary, this is a feature-rich 1080p dome camera providing both Dual Light color night vision and integrated audio recording, highly compatible with existing analog systems.","","https://fbcsagupcxheyiusjfak.supabase.co/storage/v1/object/public/images/products/1764426299830-nwg719zpcl","","In Stock","active"
"4701065d-51da-40f1-ba75-b2fb2c5962a8","product","CP PLUS 5MP DUAL LIGHT MIC - DOME (CP-URC-DC51PL3C-L-V2)","","CP-URC-DC51PL3C-L-V2 Description 📹 CP-URC-DC51PL3C-L-V2 Camera (5MP Dome) The CP-URC-DC51PL3C-L-V2 is a high-resolution, multi-format 5 Megapixel (5MP) Dome Camera from CP Plus, designed for high-detail surveillance. Resolution: Provides superior image quality with a **5 Megapixel** resolution, which is significantly higher than Full HD. Form Factor: Features a **Dome-style housing** (indicated by 'DC'), suitable for discreet ceiling or wall mounting. Technology: It is a 4-in-1 HD Analog camera , ensuring compatibility with most modern DVRs by supporting **HDCVI, HDTVI, AHD, and CVBS** signals. Night Vision: Equipped with powerful **IR (Infrared) LEDs** for clear surveillance footage in complete darkness. Use Case: Excellent choice for demanding areas where capturing crucial fine detail is necessary. In summary, this is a high-performance, 5MP dome camera that offers exceptional detail and flexibility for upgrading existing analog surveillance systems.","","https://fbcsagupcxheyiusjfak.supabase.co/storage/v1/object/public/images/products/1764426731559-f4upqido548","","In Stock","active"
"911ce1f6-439d-465f-be4c-a8d932315977","product","CP PLUS 5MP DUALLIGHT MIC - BULLET (CP-URC-TC51PL3C-L-V2)","","CP-URC-TC51PL3C-L-V2 Description 📹 CP PLUS 5MP DUALLIGHT MIC - BULLET (CP-URC-TC51PL3C-L-V2) The CP-URC-TC51PL3C-L-V2 is a premium, high-resolution 5 Megapixel (5MP) Bullet Camera that integrates advanced lighting and audio capabilities. Resolution: Provides ultra-clear video with **5 Megapixel** resolution, delivering high detail superior to standard 1080p. Form Factor: Features a durable **Bullet-style housing** (indicated by 'TC'), ideal for both indoor and outdoor fixed surveillance. Dual Light Technology: Equipped with both **IR (Infrared)** and **Warm Light** LEDs for standard night vision or **full-color imaging** in low light. Audio: Includes a **Built-in Mic** for simultaneous video and audio recording. Multi-Format: A versatile **4-in-1 HD Analog camera**, compatible with **HDCVI, HDTVI, AHD, and CVBS** formats. In summary, this is a top-tier 5MP bullet camera offering superior detail, advanced color night vision (Dual Light), and integrated audio for comprehensive surveillance.","","https://fbcsagupcxheyiusjfak.supabase.co/storage/v1/object/public/images/products/1764426961766-1m9dyarvvgp","","In Stock","active"
"78f58b1a-2bc3-4806-a1c7-f03949905f57","product","CP PLUS NVR 4CH 2/4/8MP (CP-UNR-104F1)","","CP-UNR-104F1 Description 💾 CP PLUS NVR 4CH 2/4/8MP (CP-UNR-104F1) The CP-UNR-104F1 is a compact, entry-level 4-Channel Network Video Recorder (NVR) designed for IP camera systems. Type: 4-Channel Network Video Recorder (NVR). Resolution Support: Supports recording and display from IP cameras up to **8 Megapixels (4K)** resolution across all channels. Channels: Manages and records video streams from up to **4 distinct IP cameras**. Compression: Uses efficient **H.265** and H.264 video compression for optimal storage usage. Storage: Supports **1 SATA hard disk drive (HDD)** for recorded footage. Use Case: Ideal for small-scale surveillance systems (home, small office) utilizing high-resolution IP cameras. In summary, it is a powerful yet compact 4-channel NVR, capable of recording 4K video streams for small-scale IP surveillance systems.","","https://fbcsagupcxheyiusjfak.supabase.co/storage/v1/object/public/images/products/1764427541937-1ukxvenufh6","","In Stock","active"
"82b36baf-9dc9-43dd-a2c1-5fb729207a3d","product","CP PLUS NVR 8CH 2/4/8MP- 4K (CP-UNR-108F1)","","CP-UNR-108F1 Description 💾 CP PLUS NVR 8CH 2/4/8MP (CP-UNR-108F1) The CP-UNR-108F1 is a standard 8-Channel Network Video Recorder (NVR) from CP Plus, suitable for mid-sized IP surveillance systems. Type: 8-Channel Network Video Recorder (NVR). Resolution Support: Supports recording and display from IP cameras up to **8 Megapixels (4K)** resolution across all 8 channels. Channels: Manages and records video streams from up to **8 distinct IP cameras**. Compression: Uses efficient **H.265** and H.264 video compression for optimal storage usage. Storage: Supports **1 SATA hard disk drive (HDD)** for recorded footage. Use Case: Ideal for medium-sized homes or small business installations utilizing high-resolution IP cameras. In summary, it is a versatile 8-channel NVR, capable of handling high-resolution (up to 4K) IP camera streams for medium-scale installations.","","https://fbcsagupcxheyiusjfak.supabase.co/storage/v1/object/public/images/products/1764427719608-hfag7pwskkg","","In Stock","active"
"d7688cec-b92d-4354-b084-94123f125ba4","product","CP PLUS NVR 16CH 2/4/8MP (CP-UNR-4K2161-V2)","","CP-UNR-4K2161-V2 Description 💾 CP PLUS NVR 16CH 2/4/8MP (CP-UNR-4K2161-V2) The CP-UNR-4K2161-V2 is a high-performance 16-Channel Network Video Recorder (NVR) designed for large-scale professional IP surveillance systems. Type: 16-Channel Network Video Recorder (NVR). Resolution Support: Supports recording and display from IP cameras up to **8 Megapixels (4K)** resolution across all 16 channels. Channels: Manages and records video streams from up to **16 distinct IP cameras**. Compression: Uses highly efficient **H.265+** video compression for optimal storage and bandwidth use. Storage: Supports **2 SATA hard disk drives (HDDs)**, offering expanded storage capacity (up to 20TB total). Use Case: Ideal for large businesses, commercial buildings, and facilities requiring extensive, high-definition IP video surveillance. In summary, this is a powerful, professional-grade 16-channel NVR with dual HDD support, designed to manage and record high-resolution 4K video streams for large-scale IP installations.","","https://fbcsagupcxheyiusjfak.supabase.co/storage/v1/object/public/images/products/1764427953422-ggjvxi53wgr","","In Stock","active"
"36cb7399-0d61-42a3-9dc6-e3b985f92853","product","CP PLUS SMPS 10 AMP METAL","","CP Plus 12V 10A Power Supply Description ⚡ CP Plus 12V 10 Amp Power Supply (8-Channel SMPS) This is a robust 12V DC Switching Power Supply (SMPS) , designed specifically for powering medium-sized CCTV and security camera installations. Type: Centralized 12V DC Power Supply Unit (SMPS). Voltage/Current: Provides a stable **12V DC output** with a maximum capacity of **10 Amperes (10A)**. Design: Features a durable **Metal Body/Cabinet** for robust installation and heat dissipation. Application: Ideally suited for use with **8 standard security cameras** connected to an 8-channel DVR system. Protection: Includes built-in safeguards like short circuit and over-voltage protection to ensure system stability. In summary, this is a centralized, high-capacity 12V/10A metal-body power supply providing reliable and stable power for up to 8 security cameras in a professional CCTV system.","","https://fbcsagupcxheyiusjfak.supabase.co/storage/v1/object/public/images/products/1764502213270-8qqffns1xt2","","In Stock","active"
"f980778c-6fab-409e-956e-ab90d248c430","product","CP PLUS 3+1 CO-AXIAL CABLE 180M (CP-ECC-180RS)","CP PLUS","🔌 CP Plus Long-Run 3+1 Co-axial Cable (180 Meters) Professional high-density 180 meters layout wiring drum supplying unified device runs. Length Span: Large-scale 180m industrial roll profile Low Loss: Reduced signal attenuation structures over maximum distance lines Shielding: Anti-interference woven mesh grid insulation wrap In summary, your go-to copper cable foundation choice for seamless wiring across massive multi-floor infrastructure networks.","","https://cpplusworld.com/prodassets/product/small/12800e9d-facf-4a16-8d26-07abd9251aeb.jpg","","In Stock","active"
"e27c05ea-35e1-4ab1-9398-9656f127f0dd","product","CP PLUS GIGABIT 8 PORT SWITCH (CP-ANW-GPU8G2-N12)","CP PLUS","🔌 CP Plus Gigabit 8-Port PoE Switch (CP-ANW-GPU8G2-N12) High bandwidth enterprise-level gigabit configuration preventing bottlenecking patterns across heavy 4K security arrays. Speed Array: 8 Full Gigabit 10/100/1000 Mbps PoE interfaces Uplink Matrix: 2 Dedicated Gigabit transmission nodes System Safety: 4KV lightning surge network layer protection In summary, the ultimate backbone switch for high-definition professional IP setups requiring maximum throughput.","","https://cpplusworld.com/prodassets/product/small/cfd43975-aa9f-438e-a6c3-fa1e25d90c31.png","","In Stock","active"
"c9b085b3-d3ba-409c-b77c-c9a3bd64ff57","product","CP PLUS 3+1 CO-AXIAL CABLE 90M (CP-ECC-90RS)","CP PLUS","🔌 CP Plus Professional 3+1 Co-axial Cable Drum (90 Meters) Premium 90 meters copper shielded co-axial system wire routing crisp analog data safely across long spans. Composition: High purity composite core with triple-layer insulation layer shielding Power Rails: 3 integrated isolated DC distribution cores Durability: Flame retardant weather-resistant outer wrapping jacket layout In summary, standard solid core wire preventing external signal drops and visual feedback line distortions.","","https://cpplusworld.com/prodassets/product/small/12800e9d-facf-4a16-8d26-07abd9251aeb.jpg","","In Stock","active"
"4a1aa19f-1dc7-43e0-b7a1-63eafba13625","product","CP PLUS EZYKAM (CP-E31Q)","CP PLUS","📹 CP Plus Ezykam Smart Wi-Fi Camera (CP-E31Q) Experience smart home security with the CP-E31Q Wi-Fi pan-tilt security camera, designed for reliable real-time residential or office coverage settings. Model Architecture: Standalone Smart Wi-Fi Camera Matrix Movement Support: Smooth 360-degree pan and multi-axis tilt capabilities Night Visibility: High-clarity Infrared night infrared range modes Audio Engine: Integrated two-way talking hardware mic setup In summary, an ideal smart tracking camera providing remote monitoring and crystal-clear feeds anywhere via your mobile device.","","https://rukminim2.flixcart.com/image/1366/1366/xif0q/home-security-camera/u/j/r/1-cp-e31q-a-indoor-security-camera-cp-plus-original-imahfv3grnqhpdp5.jpeg?q=90","","In Stock","active"
"f4c21609-5ec1-4933-a970-d78d59e33c9f","product","CP PLUS 2U MODULAR RACK (CP-HA-RK3535VM-2U)","CP PLUS","📦 CP Plus 2U Enclosure System Cabinet (CP-HA-RK3535VM-2U) Heavy-duty lockable chassis sheltering core hardware elements from unapproved structural management alterations. Dimension Scale: 2U Compact vertical height clearance allocation Chassis Type: Modular assembly sheet metal with tinted glass front lock window Ventilation: Custom side panel cooling slits template arrays In summary, a tamper-proof and clean enclosure structure safeguarding DVR/NVR power lines and device links.","","https://cpplusworld.com/prodassets/product/small/563b4cbf-4f8a-42ae-a3a1-4c142f80956c.jpg","","In Stock","active"
"0ece2423-6538-4d74-9dcc-410e0ffec22a","product","CP PLUS EZYKAM (CP-E28Q)","CP PLUS","📹 CP Plus Ezykam Wi-Fi PT Camera (CP-E28Q) Protect your interior spaces with a high-definition, plug-and-play wireless surveillance assistant framework. Connectivity Format: Standalone Wireless 2.4G Wi-Fi Stream Local Storage: MicroSD Slot up to 256GB backup compatibility Alert Triggers: High-precision motion detection notification routing In summary, a cost-effective, versatile smart choice to monitor your kids, pets, or office personnel seamlessly.","","https://cpplusworld.com/prodassets/product/small/e2c311b3-d885-402c-a86b-0eba84729368.jpg","","In Stock","active"
"4a0ad17d-a873-4c9a-be5c-0aadba6cb0e2","product","Zebronic H81M Motherboard","Zebronic","⚙️ Zebronic Intel H81 LGA1150 Motherboard High-performance micro-ATX H81 motherboard supporting Intel 4th generation Core processors. Socket: LGA1150 processor socket compatibility Data Lanes: USB 3.0 and SATA III ports for fast data transfers Onboard Graphics: High-definition video out via HDMI/VGA In summary, a robust motherboard providing stable power distribution and fast storage performance.","","https://m.media-amazon.com/images/I/71trzCzWX3L._SY355_.jpg","","In Stock","active"
"512f1eef-92f4-4d8c-a354-2c8296c44297","product","Zebronic H310M Motherboard","Zebronic","⚙️ Zebronic Intel H310 LGA1151 Motherboard High-end H310 chipset motherboard supporting Intel 8th and 9th generation Core processors. CPU Support: Modern LGA1151 socket supporting multiple cores Connectivity: Onboard high-speed M.2 slot for NVMe SSDs Audio: High-definition audio capacitors for clean sound output In summary, a modern, feature-packed motherboard supporting NVMe storage speeds and multi-core processors.","","https://m.media-amazon.com/images/I/51aJv5mYlbL._SY300_SX300_QL70_FMwebp_.jpg","","In Stock","active"
"8fa40434-f25f-407d-8b7c-28bb99fa3270","product","Zebronic H110M Motherboard","Zebronic","⚙️ Zebronic Intel H110 LGA1151 Motherboard Modern micro-ATX H110 motherboard supporting Intel 6th and 7th generation processors. Memory Support: Modern DDR4 memory slots for faster processing Socket: LGA1151 CPU socket architecture Expansion: PCIe x16 slot for dedicated graphics cards In summary, a reliable foundation for budget builds, supporting modern DDR4 memory speeds.","","https://m.media-amazon.com/images/I/81jyncJcoqL._SY450_.jpg","","In Stock","active"
"3d57be8f-1e1c-43ca-95a0-c141b6724753","product","Zebronic H61 Motherboard","Zebronic","⚙️ Zebronic Intel H61 LGA1155 Motherboard Highly stable H61 chipset motherboard supporting Intel Core processors and dual-channel DDR3 memory. Processor: Supports standard Intel LGA1155 socket CPUs Memory: Dual DDR3 slots supporting high-speed RAM allocations Ports: Multiple USB ports, SATA lanes, and onboard VGA/HDMI out In summary, an ideal replacement motherboard for upgrading or restoring classic office desktop computers.","","https://m.media-amazon.com/images/I/81QaHjQr3eL._SY355_.jpg","","In Stock","active"
"36809756-a291-482c-a737-5046b957e2bd","product","Zebronic 24"" Monitor","Zebronic","🖥️ Zebronic 24"" Widescreen Monitor Professional-grade 24-inch widescreen monitor offering immersive views, extended warranty, and zero-flicker technology. Visual Scale: 24-inch workspace with thin bezel layout Warranty: Extended 3 Years manufacturer peace-of-mind warranty Refresh Rate: Fast refresh rate reducing motion blur in high-frame streams In summary, a premium large-screen monitor built for productive multitasking and long hours of viewing comfort.","","https://m.media-amazon.com/images/I/81X7yswC36L._SX522_.jpg","","In Stock","active"
"83322f5e-5923-42c8-b96f-a5eb3e7ba26c","product","Zebronic SMPS","Zebronic","⚡ Zebronic Centralized SMPS Power Supply Centralized power supply unit (SMPS) providing stable voltage, heat management, and power surge protection. Capacity: High-efficiency standard wattage output Cooling: Quiet cooling fan preventing thermal throttling Sectors: Multiple SATA and IDE power connector allocations In summary, a dependable power supply unit shielding internal components from unstable voltage spikes.","","https://m.media-amazon.com/images/I/31krU8z8cuL._SY300_SX300_QL70_FMwebp_.jpg","","In Stock","active"